<?xml version="1.0" encoding="utf-8"?>
<feed xmlns="http://www.w3.org/2005/Atom">
    <title>yuhanglee</title>
    <link href="https://liyuhang02.gitee.io/liyuhang/feed.xml" rel="self" />
    <link href="https://liyuhang02.gitee.io/liyuhang" />
    <updated>2022-08-25T14:27:47+08:00</updated>
    <author>
        <name>4UUU</name>
    </author>
    <id>https://liyuhang02.gitee.io/liyuhang</id>

    <entry>
        <title>测试第三个文章</title>
        <author>
            <name>4UUU</name>
        </author>
        <link href="https://liyuhang02.gitee.io/liyuhang/ce-shi-di-san-ge-wen-zhang.html"/>
        <id>https://liyuhang02.gitee.io/liyuhang/ce-shi-di-san-ge-wen-zhang.html</id>
            <category term="Design"/>
            <category term="All"/>

        <updated>2022-08-18T14:13:34+08:00</updated>
            <summary></summary>
        <content></content>
    </entry>
    <entry>
        <title>测试第二个文章</title>
        <author>
            <name>4UUU</name>
        </author>
        <link href="https://liyuhang02.gitee.io/liyuhang/ce-shi-di-er-ge-wen-zhang.html"/>
        <id>https://liyuhang02.gitee.io/liyuhang/ce-shi-di-er-ge-wen-zhang.html</id>
            <category term="All"/>

        <updated>2022-08-18T14:13:50+08:00</updated>
            <summary></summary>
        <content></content>
    </entry>
    <entry>
        <title>测试第一个文章</title>
        <author>
            <name>4UUU</name>
        </author>
        <link href="https://liyuhang02.gitee.io/liyuhang/biao-ti.html"/>
        <id>https://liyuhang02.gitee.io/liyuhang/biao-ti.html</id>
            <category term="Web"/>
            <category term="All"/>

        <updated>2022-08-25T14:27:47+08:00</updated>
            <summary>
                <![CDATA[
                    <figure class="post__image"><img loading="lazy"  src="https://liyuhang02.gitee.io/liyuhang/media/posts/1/Hua-Ti-Bang-Mo-Ren-Tu.png" sizes="(min-width: 37.5em) 1600px, 80vw" srcset="https://liyuhang02.gitee.io/liyuhang/media/posts/1/responsive/Hua-Ti-Bang-Mo-Ren-Tu-xs.png 384w ,https://liyuhang02.gitee.io/liyuhang/media/posts/1/responsive/Hua-Ti-Bang-Mo-Ren-Tu-sm.png 600w ,https://liyuhang02.gitee.io/liyuhang/media/posts/1/responsive/Hua-Ti-Bang-Mo-Ren-Tu-md.png 768w ,https://liyuhang02.gitee.io/liyuhang/media/posts/1/responsive/Hua-Ti-Bang-Mo-Ren-Tu-lg.png 1200w ,https://liyuhang02.gitee.io/liyuhang/media/posts/1/responsive/Hua-Ti-Bang-Mo-Ren-Tu-xl.png 1600w"  alt="" width="258" height="192"></figure><figure class="post__image"><img loading="lazy"  src="https://liyuhang02.gitee.io/liyuhang/media/posts/1/Tou-Xiang.jpg" sizes="(min-width: 37.5em) 1600px, 80vw" srcset="https://liyuhang02.gitee.io/liyuhang/media/posts/1/responsive/Tou-Xiang-xs.jpg 384w ,https://liyuhang02.gitee.io/liyuhang/media/posts/1/responsive/Tou-Xiang-sm.jpg 600w ,https://liyuhang02.gitee.io/liyuhang/media/posts/1/responsive/Tou-Xiang-md.jpg 768w ,https://liyuhang02.gitee.io/liyuhang/media/posts/1/responsive/Tou-Xiang-lg.jpg 1200w ,https://liyuhang02.gitee.io/liyuhang/media/posts/1/responsive/Tou-Xiang-xl.jpg 1600w"  alt="" width="470" height="470"></figure>
<p>正文文字，测试一下Publii是啥效果。</p>

                ]]>
            </summary>
        <content type="html">
            <![CDATA[
                <figure class="post__image"><img loading="lazy"  src="https://liyuhang02.gitee.io/liyuhang/media/posts/1/Hua-Ti-Bang-Mo-Ren-Tu.png" sizes="(min-width: 37.5em) 1600px, 80vw" srcset="https://liyuhang02.gitee.io/liyuhang/media/posts/1/responsive/Hua-Ti-Bang-Mo-Ren-Tu-xs.png 384w ,https://liyuhang02.gitee.io/liyuhang/media/posts/1/responsive/Hua-Ti-Bang-Mo-Ren-Tu-sm.png 600w ,https://liyuhang02.gitee.io/liyuhang/media/posts/1/responsive/Hua-Ti-Bang-Mo-Ren-Tu-md.png 768w ,https://liyuhang02.gitee.io/liyuhang/media/posts/1/responsive/Hua-Ti-Bang-Mo-Ren-Tu-lg.png 1200w ,https://liyuhang02.gitee.io/liyuhang/media/posts/1/responsive/Hua-Ti-Bang-Mo-Ren-Tu-xl.png 1600w"  alt="" width="258" height="192"></figure><figure class="post__image"><img loading="lazy"  src="https://liyuhang02.gitee.io/liyuhang/media/posts/1/Tou-Xiang.jpg" sizes="(min-width: 37.5em) 1600px, 80vw" srcset="https://liyuhang02.gitee.io/liyuhang/media/posts/1/responsive/Tou-Xiang-xs.jpg 384w ,https://liyuhang02.gitee.io/liyuhang/media/posts/1/responsive/Tou-Xiang-sm.jpg 600w ,https://liyuhang02.gitee.io/liyuhang/media/posts/1/responsive/Tou-Xiang-md.jpg 768w ,https://liyuhang02.gitee.io/liyuhang/media/posts/1/responsive/Tou-Xiang-lg.jpg 1200w ,https://liyuhang02.gitee.io/liyuhang/media/posts/1/responsive/Tou-Xiang-xl.jpg 1600w"  alt="" width="470" height="470"></figure>
<p>正文文字，测试一下Publii是啥效果。</p>

<p><a href="https://thestocks.im/" target="null" rel="nofollow sponsored ugc">添加一个超链接。</a></p>
            ]]>
        </content>
    </entry>
</feed>
