{
    "version": "https://jsonfeed.org/version/1",
    "title": "yuhanglee",
    "description": "",
    "home_page_url": "https://liyuhang02.gitee.io/liyuhang",
    "feed_url": "https://liyuhang02.gitee.io/liyuhang/feed.json",
    "user_comment": "",
    "author": {
        "name": "4UUU"
    },
    "items": [
        {
            "id": "https://liyuhang02.gitee.io/liyuhang/ce-shi-di-san-ge-wen-zhang.html",
            "url": "https://liyuhang02.gitee.io/liyuhang/ce-shi-di-san-ge-wen-zhang.html",
            "title": "测试第三个文章",
            "author": {
                "name": "4UUU"
            },
            "tags": [
                   "Design",
                   "All"
            ],
            "date_published": "2022-08-18T14:13:07+08:00",
            "date_modified": "2022-08-18T14:13:34+08:00"
        },
        {
            "id": "https://liyuhang02.gitee.io/liyuhang/ce-shi-di-er-ge-wen-zhang.html",
            "url": "https://liyuhang02.gitee.io/liyuhang/ce-shi-di-er-ge-wen-zhang.html",
            "title": "测试第二个文章",
            "image": "https://liyuhang02.gitee.io/liyuhang/media/posts/2/Frame-1.png",
            "author": {
                "name": "4UUU"
            },
            "tags": [
                   "All"
            ],
            "date_published": "2022-08-18T14:01:02+08:00",
            "date_modified": "2022-08-18T14:13:50+08:00"
        },
        {
            "id": "https://liyuhang02.gitee.io/liyuhang/biao-ti.html",
            "url": "https://liyuhang02.gitee.io/liyuhang/biao-ti.html",
            "title": "测试第一个文章",
            "summary": "<figure class=\"post__image\"><img loading=\"lazy\"  src=\"https://liyuhang02.gitee.io/liyuhang/media/posts/1/Hua-Ti-Bang-Mo-Ren-Tu.png\" sizes=\"(min-width: 37.5em) 1600px, 80vw\" srcset=\"https://liyuhang02.gitee.io/liyuhang/media/posts/1/responsive/Hua-Ti-Bang-Mo-Ren-Tu-xs.png 384w ,https://liyuhang02.gitee.io/liyuhang/media/posts/1/responsive/Hua-Ti-Bang-Mo-Ren-Tu-sm.png 600w ,https://liyuhang02.gitee.io/liyuhang/media/posts/1/responsive/Hua-Ti-Bang-Mo-Ren-Tu-md.png 768w ,https://liyuhang02.gitee.io/liyuhang/media/posts/1/responsive/Hua-Ti-Bang-Mo-Ren-Tu-lg.png 1200w ,https://liyuhang02.gitee.io/liyuhang/media/posts/1/responsive/Hua-Ti-Bang-Mo-Ren-Tu-xl.png 1600w\"  alt=\"\" width=\"258\" height=\"192\"></figure><figure class=\"post__image\"><img loading=\"lazy\"  src=\"https://liyuhang02.gitee.io/liyuhang/media/posts/1/Tou-Xiang.jpg\" sizes=\"(min-width: 37.5em) 1600px, 80vw\" srcset=\"https://liyuhang02.gitee.io/liyuhang/media/posts/1/responsive/Tou-Xiang-xs.jpg 384w ,https://liyuhang02.gitee.io/liyuhang/media/posts/1/responsive/Tou-Xiang-sm.jpg 600w ,https://liyuhang02.gitee.io/liyuhang/media/posts/1/responsive/Tou-Xiang-md.jpg 768w ,https://liyuhang02.gitee.io/liyuhang/media/posts/1/responsive/Tou-Xiang-lg.jpg 1200w ,https://liyuhang02.gitee.io/liyuhang/media/posts/1/responsive/Tou-Xiang-xl.jpg 1600w\"  alt=\"\" width=\"470\" height=\"470\"></figure>\n<p>正文文字，测试一下Publii是啥效果。</p>\n",
            "content_html": "<figure class=\"post__image\"><img loading=\"lazy\"  src=\"https://liyuhang02.gitee.io/liyuhang/media/posts/1/Hua-Ti-Bang-Mo-Ren-Tu.png\" sizes=\"(min-width: 37.5em) 1600px, 80vw\" srcset=\"https://liyuhang02.gitee.io/liyuhang/media/posts/1/responsive/Hua-Ti-Bang-Mo-Ren-Tu-xs.png 384w ,https://liyuhang02.gitee.io/liyuhang/media/posts/1/responsive/Hua-Ti-Bang-Mo-Ren-Tu-sm.png 600w ,https://liyuhang02.gitee.io/liyuhang/media/posts/1/responsive/Hua-Ti-Bang-Mo-Ren-Tu-md.png 768w ,https://liyuhang02.gitee.io/liyuhang/media/posts/1/responsive/Hua-Ti-Bang-Mo-Ren-Tu-lg.png 1200w ,https://liyuhang02.gitee.io/liyuhang/media/posts/1/responsive/Hua-Ti-Bang-Mo-Ren-Tu-xl.png 1600w\"  alt=\"\" width=\"258\" height=\"192\"></figure><figure class=\"post__image\"><img loading=\"lazy\"  src=\"https://liyuhang02.gitee.io/liyuhang/media/posts/1/Tou-Xiang.jpg\" sizes=\"(min-width: 37.5em) 1600px, 80vw\" srcset=\"https://liyuhang02.gitee.io/liyuhang/media/posts/1/responsive/Tou-Xiang-xs.jpg 384w ,https://liyuhang02.gitee.io/liyuhang/media/posts/1/responsive/Tou-Xiang-sm.jpg 600w ,https://liyuhang02.gitee.io/liyuhang/media/posts/1/responsive/Tou-Xiang-md.jpg 768w ,https://liyuhang02.gitee.io/liyuhang/media/posts/1/responsive/Tou-Xiang-lg.jpg 1200w ,https://liyuhang02.gitee.io/liyuhang/media/posts/1/responsive/Tou-Xiang-xl.jpg 1600w\"  alt=\"\" width=\"470\" height=\"470\"></figure>\n<p>正文文字，测试一下Publii是啥效果。</p>\n\n<p><a href=\"https://thestocks.im/\" target=\"null\" rel=\"nofollow sponsored ugc\">添加一个超链接。</a></p>",
            "author": {
                "name": "4UUU"
            },
            "tags": [
                   "Web",
                   "All"
            ],
            "date_published": "2022-08-15T13:28:03+08:00",
            "date_modified": "2022-08-25T14:27:47+08:00"
        }
    ]
}
