[
    {
        "path": "404.html",
        "type": "file",
        "md5": "70ec8e5a48ac18a1a97d44eb2b2a98dd"
    },
    {
        "path": "assets",
        "type": "directory",
        "md5": false
    },
    {
        "path": "assets/css",
        "type": "directory",
        "md5": false
    },
    {
        "path": "/assets/css/editor.css",
        "type": "file",
        "md5": "ab1a2743577e8ff738ce7d0ca4b488f0"
    },
    {
        "path": "/assets/css/main.css",
        "type": "file",
        "md5": "57d565c863f98c9c3e64cf335eddd0c1"
    },
    {
        "path": "/assets/css/photoswipe.css",
        "type": "file",
        "md5": "4bc0765c90f13027146e376b21234a19"
    },
    {
        "path": "/assets/css/style.css",
        "type": "file",
        "md5": "06dd7a622b6ac96792d8fe361d2e6604"
    },
    {
        "path": "assets/dynamic",
        "type": "directory",
        "md5": false
    },
    {
        "path": "assets/js",
        "type": "directory",
        "md5": false
    },
    {
        "path": "/assets/js/photoswipe-ui-default.min.js",
        "type": "file",
        "md5": "d067f0883540b1ddda0e2c9ad1b14260"
    },
    {
        "path": "/assets/js/photoswipe.min.js",
        "type": "file",
        "md5": "017385b552f7e0d979e2e2fe6f324015"
    },
    {
        "path": "/assets/js/quicklink.umd.js",
        "type": "file",
        "md5": "81fe10ee7d67aefb93d57a5af679039d"
    },
    {
        "path": "/assets/js/scripts.js",
        "type": "file",
        "md5": "a86885ec7f948ec635166b34cab22a41"
    },
    {
        "path": "/assets/js/scripts.min.js",
        "type": "file",
        "md5": "8190bbfcf662a6d5bf1ad35d88ad1ec9"
    },
    {
        "path": "/assets/js/svg-fix.js",
        "type": "file",
        "md5": "7c0d2bb7276904b382e80bf2d85e8a96"
    },
    {
        "path": "/assets/js/svg-map.js",
        "type": "file",
        "md5": "4ca070dab8021b6c5c67e3f27f28acd5"
    },
    {
        "path": "assets/svg",
        "type": "directory",
        "md5": false
    },
    {
        "path": "/assets/svg/bg-01.svg",
        "type": "file",
        "md5": "ad7e001413dc8011d788eb5696873bf6"
    },
    {
        "path": "/assets/svg/gallery-icons-dark.svg",
        "type": "file",
        "md5": "0c70735af58190b563b2940b7a07007a"
    },
    {
        "path": "/assets/svg/gallery-icons-light.svg",
        "type": "file",
        "md5": "0bb1f41e2e459d23628833c37d8532f0"
    },
    {
        "path": "/assets/svg/svg-map.svg",
        "type": "file",
        "md5": "d1b25795d5c777ca8d33b0a5037efe3d"
    },
    {
        "path": "authors",
        "type": "directory",
        "md5": false
    },
    {
        "path": "authors/4uuu",
        "type": "directory",
        "md5": false
    },
    {
        "path": "/authors/4uuu/index.html",
        "type": "file",
        "md5": "884d068b4770b377cf973df9eab92cd8"
    },
    {
        "path": "biao-ti.html",
        "type": "file",
        "md5": "6ff300398b88024493029dad620adda2"
    },
    {
        "path": "ce-shi-di-er-ge-wen-zhang.html",
        "type": "file",
        "md5": "1eb5bdaeb3a1bf6b7ee3a1d76b231284"
    },
    {
        "path": "ce-shi-di-san-ge-wen-zhang.html",
        "type": "file",
        "md5": "7dfed65dbdabcc5979da21d3554f2d19"
    },
    {
        "path": "feed.json",
        "type": "file",
        "md5": "9851e2fdc532e453792330cb18f2d252"
    },
    {
        "path": "feed.xml",
        "type": "file",
        "md5": "61da103782fe81ecdfca0df00404e430"
    },
    {
        "path": "index.html",
        "type": "file",
        "md5": "56ef03cd5984b74b89cbd3e28a8edf24"
    },
    {
        "path": "media",
        "type": "directory",
        "md5": false
    },
    {
        "path": "media/posts",
        "type": "directory",
        "md5": false
    },
    {
        "path": "media/posts/1",
        "type": "directory",
        "md5": false
    },
    {
        "path": "/media/posts/1/Hua-Ti-Bang-Mo-Ren-Tu.png",
        "type": "file",
        "md5": "e3214667e437ab182232acde0437ccc5"
    },
    {
        "path": "/media/posts/1/Tou-Xiang.jpg",
        "type": "file",
        "md5": "ec8045ce46d54a36f6d64f78d63af406"
    },
    {
        "path": "media/posts/1/responsive",
        "type": "directory",
        "md5": false
    },
    {
        "path": "/media/posts/1/responsive/Hua-Ti-Bang-Mo-Ren-Tu-lg.png",
        "type": "file",
        "md5": "22b594e48c74f5fdffd65345be5f9f44"
    },
    {
        "path": "/media/posts/1/responsive/Hua-Ti-Bang-Mo-Ren-Tu-md.png",
        "type": "file",
        "md5": "22b594e48c74f5fdffd65345be5f9f44"
    },
    {
        "path": "/media/posts/1/responsive/Hua-Ti-Bang-Mo-Ren-Tu-sm.png",
        "type": "file",
        "md5": "22b594e48c74f5fdffd65345be5f9f44"
    },
    {
        "path": "/media/posts/1/responsive/Hua-Ti-Bang-Mo-Ren-Tu-xl.png",
        "type": "file",
        "md5": "22b594e48c74f5fdffd65345be5f9f44"
    },
    {
        "path": "/media/posts/1/responsive/Hua-Ti-Bang-Mo-Ren-Tu-xs.png",
        "type": "file",
        "md5": "22b594e48c74f5fdffd65345be5f9f44"
    },
    {
        "path": "/media/posts/1/responsive/Tou-Xiang-lg.jpg",
        "type": "file",
        "md5": "2fa60794577770b04af5f831435d361b"
    },
    {
        "path": "/media/posts/1/responsive/Tou-Xiang-md.jpg",
        "type": "file",
        "md5": "4411e4c88466c391eed57c03ed431421"
    },
    {
        "path": "/media/posts/1/responsive/Tou-Xiang-sm.jpg",
        "type": "file",
        "md5": "2e5a81f94cc50c33887475b075073d5a"
    },
    {
        "path": "/media/posts/1/responsive/Tou-Xiang-xl.jpg",
        "type": "file",
        "md5": "a09e0caaec14366c153ef0a792022adb"
    },
    {
        "path": "/media/posts/1/responsive/Tou-Xiang-xs.jpg",
        "type": "file",
        "md5": "32de123279aba2ed8de378e61a0b6187"
    },
    {
        "path": "media/posts/2",
        "type": "directory",
        "md5": false
    },
    {
        "path": "/media/posts/2/Frame-1.png",
        "type": "file",
        "md5": "2e1e1c579051804c84de6ad71423391c"
    },
    {
        "path": "media/posts/2/responsive",
        "type": "directory",
        "md5": false
    },
    {
        "path": "/media/posts/2/responsive/Frame-1-lg.png",
        "type": "file",
        "md5": "6c6bb316a3856611ca4b068d932eae6a"
    },
    {
        "path": "/media/posts/2/responsive/Frame-1-md.png",
        "type": "file",
        "md5": "5b76b683ea74cce67aa208cea2d899ba"
    },
    {
        "path": "/media/posts/2/responsive/Frame-1-sm.png",
        "type": "file",
        "md5": "ddb17a8d8d15706d5ca4d23b13f1e1cc"
    },
    {
        "path": "/media/posts/2/responsive/Frame-1-xl.png",
        "type": "file",
        "md5": "6c6bb316a3856611ca4b068d932eae6a"
    },
    {
        "path": "/media/posts/2/responsive/Frame-1-xs.png",
        "type": "file",
        "md5": "3a7d9bb9b95553ec68f6c26a69365b6c"
    },
    {
        "path": "media/tags",
        "type": "directory",
        "md5": false
    },
    {
        "path": "media/tags/1",
        "type": "directory",
        "md5": false
    },
    {
        "path": "/media/tags/1/Pu-Tong-Hua-Ti-Mo-Ren-Tu.png",
        "type": "file",
        "md5": "54d0d5c55799539f942bb0d65b1e1789"
    },
    {
        "path": "media/tags/1/responsive",
        "type": "directory",
        "md5": false
    },
    {
        "path": "/media/tags/1/responsive/Pu-Tong-Hua-Ti-Mo-Ren-Tu-lg.png",
        "type": "file",
        "md5": "243baab84fdc776115de3ca26c531f5d"
    },
    {
        "path": "/media/tags/1/responsive/Pu-Tong-Hua-Ti-Mo-Ren-Tu-md.png",
        "type": "file",
        "md5": "243baab84fdc776115de3ca26c531f5d"
    },
    {
        "path": "/media/tags/1/responsive/Pu-Tong-Hua-Ti-Mo-Ren-Tu-sm.png",
        "type": "file",
        "md5": "243baab84fdc776115de3ca26c531f5d"
    },
    {
        "path": "/media/tags/1/responsive/Pu-Tong-Hua-Ti-Mo-Ren-Tu-xs.png",
        "type": "file",
        "md5": "693594f8ac049f52115bf3365121b7db"
    },
    {
        "path": "media/website",
        "type": "directory",
        "md5": false
    },
    {
        "path": "/media/website/Tou-Xiang.jpg",
        "type": "file",
        "md5": "ec8045ce46d54a36f6d64f78d63af406"
    },
    {
        "path": "media/website/responsive",
        "type": "directory",
        "md5": false
    },
    {
        "path": "/media/website/responsive/Tou-Xiang-sm.jpg",
        "type": "file",
        "md5": "2e5a81f94cc50c33887475b075073d5a"
    },
    {
        "path": "/media/website/responsive/Tou-Xiang-xs.jpg",
        "type": "file",
        "md5": "32de123279aba2ed8de378e61a0b6187"
    },
    {
        "path": "robots.txt",
        "type": "file",
        "md5": "267526f5b8710e31b166158600924ec6"
    },
    {
        "path": "sitemap.xml",
        "type": "file",
        "md5": "8ed28d9c80a8d86491e6b556e76e7415"
    },
    {
        "path": "sitemap.xsl",
        "type": "file",
        "md5": "51a7bcec43fa1ef0366100d5c2edbe75"
    },
    {
        "path": "tags",
        "type": "directory",
        "md5": false
    },
    {
        "path": "tags/all",
        "type": "directory",
        "md5": false
    },
    {
        "path": "/tags/all/index.html",
        "type": "file",
        "md5": "cc58b7dd022c9fd7a71191346a1ee392"
    },
    {
        "path": "tags/design",
        "type": "directory",
        "md5": false
    },
    {
        "path": "/tags/design/index.html",
        "type": "file",
        "md5": "a512bb4c15c4c7867790af9c7675b1b6"
    },
    {
        "path": "/tags/index.html",
        "type": "file",
        "md5": "1ead7c0aee7b67ed2d61b2b9b86c2e5a"
    },
    {
        "path": "tags/web",
        "type": "directory",
        "md5": false
    },
    {
        "path": "/tags/web/index.html",
        "type": "file",
        "md5": "643dbf34676c06414e0f4d27954cead2"
    }
]